[{
  "_id": {
    "$oid": "643e300558c1db5bf998b743"
  },
  "Nombre": "Joaquin",
  "Apellido": "Sabina",
  "Direccion": "Layetana 82 -  4 -6",
  "CP": 8012,
  "Localidad_id": "barcelona",
  "Telefono": 123456789
},{
  "_id": {
    "$oid": "643e300558c1db5bf998b744"
  },
  "Nombre": "Joan",
  "Apellido": "Serran",
  "Direccion": "Casp 22 -  1 - 2",
  "CP": 8012,
  "Localidad_id": "barcelona",
  "Telefono": 789456134
},{
  "_id": {
    "$oid": "643e300558c1db5bf998b745"
  },
  "Nombre": "Pau",
  "Apellido": "Gasol",
  "Direccion": "Layetana 3 - 1 -1",
  "CP": 8012,
  "Localidad_id": "barcelona",
  "Telefono": 456789132
},{
  "_id": {
    "$oid": "643e300558c1db5bf998b746"
  },
  "Nombre": "Ramiro",
  "Apellido": "Rodriguez",
  "Direccion": "Marconi 66 ",
  "CP": 8210,
  "Localidad_id": "barberadelvalles",
  "Telefono": 123456321
}]