[{
  "_id": {
    "$oid": "643e34f558c1db5bf998b74f"
  },
  "FechaPedido": "2023-01-02 21:28:15",
  "Entrega": "Tienda",
  "ProductosSeleccionados": [
    {
      "id_producto": {
        "$oid": "643e4fc358c1db5bf998b77f"
      }
    },
    {
      "id_producto": {
        "$oid": "643e4fbe58c1db5bf998b77d"
      }
    },
    {
      "id_producto": {
        "$oid": "643e4fbb58c1db5bf998b77c"
      }
    }
  ],
  "Tienda_id": {
    "$oid": "643e57ad58c1db5bf998b7a0"
  },
  "Clientes_id": {
    "$oid": "643e300558c1db5bf998b743"
  }
},{
  "_id": {
    "$oid": "643e3ca358c1db5bf998b767"
  },
  "FechaPedido": "2023-01-02 21:30:00",
  "Entrega": "Domicilio",
  "ProductosSeleccionados": [
    {
      "id_producto": {
        "$oid": "643e4fc058c1db5bf998b77e"
      }
    },
    {
      "id_producto": {
        "$oid": "643e4fbb58c1db5bf998b77c"
      }
    }
  ],
  "Tienda_id": {
    "$oid": "643e582658c1db5bf998b7a7"
  },
  "Clientes_id": {
    "$oid": "643e300558c1db5bf998b743"
  },
  "Reparto": {
    "Entregado por": {
      "$oid": "643e62b058c1db5bf998b7b8"
    },
    "Fechahora": "2023-01-02 22:21:20"
  }
}]