[{
  "_id": {
    "$oid": "643e4fbb58c1db5bf998b77c"
  },
  "Nombre": "Pizza",
  "Descripcion": "Margarita",
  "Precio": 12,
  "Categoria_id": {
    "$oid": "643e4fdb58c1db5bf998b782"
  }
},{
  "_id": {
    "$oid": "643e4fbe58c1db5bf998b77d"
  },
  "Nombre": "Pizza",
  "Descripcion": "Margarita",
  "Precio": 13,
  "Categoria_id": {
    "$oid": "643e4fdb58c1db5bf998b782"
  }
},{
  "_id": {
    "$oid": "643e4fc058c1db5bf998b77e"
  },
  "Nombre": "Hamburguesa",
  "Descripcion": "Completa",
  "Precio": 14
},{
  "_id": {
    "$oid": "643e4fc358c1db5bf998b77f"
  },
  "Nombre": "Gaseosa",
  "Descripcion": "CocaCola",
  "Precio": 2.5
}]